Country;PL before;CCTB
BE;2896067;14712491.908903142
DE;17859;175299.0816137711
ES;597721523;416063417.2019067
FR;-52564055;56735138.47604798
LU;29774000;86207.34548714042
NL;69012409;80987800.90276735
SE;6714993;84812441.0832739
