Country;PL before;CCTB;Data factor
CZ;31274;26787.715403083515;25060.516552312638
SK;3000;7486.284596916482;9213.48344768736
